{
    "cumulative_return": 0.22309490736500015,
    "sharpe_ratio": 0.49239700454642754,
    "max_drawdown": -0.23474144454180382
}